Rk,Player,Pos,Date,Schl,,Opp,,GS,MP,FG,FGA,FG%,2P,2PA,2P%,3P,3PA,3P%,FT,FTA,FT%,ORB,DRB,TRB,AST,STL,BLK,TOV,PF,PTS,GmSc
121001,Darryl Evans\darryl-evans-1,G,2011-01-20,Furman,,Samford,W,1,33,4,8,.500,1,3,.333,3,5,.600,3,6,.500,1,1,2,5,1,1,3,1,14,11.6
121002,Garrett Johnson\garrett-johnson-1,G,2011-01-20,Fresno State,@,Hawaii,L,1,27,5,12,.417,1,2,.500,4,10,.400,0,0,,0,3,3,0,0,0,0,2,14,7.7
121003,Will Cherry\will-cherry-1,G,2011-01-20,Montana,@,Idaho State,W,1,39,4,11,.364,4,8,.500,0,3,.000,6,8,.750,0,2,2,5,3,1,3,2,14,11.1
121004,Spencer Dixon\spencer-dixon-1,G,2011-01-20,Kennesaw State,,North Florida,L,1,39,5,11,.455,4,6,.667,1,5,.200,3,4,.750,1,0,1,3,0,0,4,1,14,6.3
121005,Evan Gordon\evan-gordon-1,G,2011-01-20,Liberty,,Virginia Military Institute,W,1,26,4,8,.500,2,5,.400,2,3,.667,4,4,1.000,1,2,3,4,0,0,2,4,14,10.5
121006,John Brown\john-brown-2,G,2011-01-20,Liberty,,Virginia Military Institute,W,1,35,7,10,.700,7,10,.700,0,0,,0,0,,2,7,9,4,4,0,4,1,14,15.7
121007,George Beamon\george-beamon-1,G,2011-01-20,Manhattan,@,Loyola (MD),L,1,38,6,16,.375,6,15,.400,0,1,.000,2,4,.500,3,7,10,1,2,0,3,3,14,7.1
121008,Ayron Hardy\ayron-hardy-1,F,2011-01-20,Jacksonville,@,Mercer,L,1,34,5,10,.500,4,7,.571,1,3,.333,3,3,1.000,6,0,6,1,1,0,4,3,14,9.7
121009,Reggie Chamberlain\reggie-chamberlain-1,G,2011-01-20,Missouri-Kansas City,,IUPUI,W,1,48,2,12,.167,2,5,.400,0,7,.000,10,10,1.000,1,2,3,6,2,0,2,4,14,10.3
121010,Phil Wait\phil-wait-1,C,2011-01-20,Monmouth,,Central Connecticut State,L,0,21,6,6,1.000,6,6,1.000,0,0,,2,2,1.000,8,6,14,1,1,1,1,0,14,21.0
121011,Chris Evans\chris-evans-2,G,2011-01-20,Sacred Heart,@,Mount St. Mary's,L,0,28,3,10,.300,3,9,.333,0,1,.000,8,11,.727,1,7,8,1,2,0,2,3,14,9.3
121012,David Williams\david-williams-1,F,2011-01-20,North Carolina-Greensboro,,Georgia Southern,W,1,29,4,8,.500,3,7,.429,1,1,1.000,5,6,.833,5,3,8,4,0,3,1,5,14,15.9
121013,Trevis Simpson\trevis-simpson-1,G,2011-01-20,North Carolina-Greensboro,,Georgia Southern,W,0,20,6,7,.857,6,6,1.000,0,1,.000,2,5,.400,1,0,1,0,0,0,1,3,14,8.8
121014,Michael Tveidt\michael-tveidt-1,F,2011-01-20,North Dakota State,,IPFW,L,1,35,3,8,.375,1,3,.333,2,5,.400,6,9,.667,0,1,1,2,2,0,1,3,14,9.9
121015,Walt Allen\walt-allen-1,F,2011-01-20,Presbyterian,,High Point,L,1,38,3,9,.333,2,5,.400,1,4,.250,7,11,.636,6,7,13,1,0,2,3,0,14,12.7
121016,Velton Jones\velton-jones-1,G,2011-01-20,Robert Morris,,Long Island University,L,1,31,6,10,.600,5,8,.625,1,2,.500,1,5,.200,0,0,0,3,2,0,2,4,14,8.3
121017,Augustus Gilchrist\augustus-gilchrist-1,F,2011-01-20,South Florida,@,Rutgers,L,0,30,5,6,.833,5,6,.833,0,0,,4,4,1.000,2,1,3,1,1,1,3,4,14,11.3
121018,Hugh Robertson\hugh-robertson-1,G,2011-01-20,South Florida,@,Rutgers,L,0,36,4,9,.444,3,5,.600,1,4,.250,5,6,.833,1,2,3,4,0,0,1,0,14,12.0
121019,Cody Doolin\cody-doolin-1,G,2011-01-20,San Francisco,,Portland,W,1,34,5,7,.714,1,2,.500,4,5,.800,0,0,,0,2,2,5,0,1,1,2,14,14.1
121020,Allyn Cooks\allyn-cooks-1,G,2011-01-20,South Alabama,,Western Kentucky,L,1,33,5,10,.500,2,4,.500,3,6,.500,1,2,.500,0,1,1,4,1,0,2,4,14,9.1
121021,Matt Lander\matt-lander-1,G,2011-01-20,Western Illinois,@,Southern Utah,L,1,36,4,14,.286,3,10,.300,1,4,.250,5,6,.833,2,4,6,1,1,0,5,3,14,3.5
121022,Tai Wesley\tai-wesley-1,F,2011-01-20,Utah State,,Louisiana Tech,W,1,31,4,10,.400,4,10,.400,0,0,,6,8,.750,2,2,4,1,0,1,3,2,14,7.4
121023,Deontay Twyman\deontay-twyman-1,G,2011-01-20,Quinnipiac,@,Wagner,L,1,31,3,10,.300,3,8,.375,0,2,.000,8,10,.800,1,5,6,5,2,1,4,4,14,10.2
121024,N'Gai Evans\ngai-evans-1,G,2011-01-20,Wright State,@,Youngstown State,W,1,35,4,13,.308,4,13,.308,0,0,,6,8,.750,3,2,5,0,3,0,4,2,14,6.6
121025,Vaughn Duggins\vaughn-duggins-1,G,2011-01-20,Wright State,@,Youngstown State,W,1,28,4,13,.308,4,10,.400,0,3,.000,6,7,.857,1,4,5,2,0,0,1,2,14,7.6
121026,Shelvin Mack\shelvin-mack-1,G,2011-01-21,Butler,,Green Bay,W,1,34,5,13,.385,4,10,.400,1,3,.333,3,8,.375,0,5,5,4,1,0,4,3,14,5.0
121027,Adnan Hodzic\adnan-hodzic-1,C,2011-01-21,Lipscomb,@,East Tennessee State,L,1,34,3,8,.375,3,8,.375,0,0,,8,12,.667,2,8,10,1,0,0,4,2,14,7.7
121028,Michael Rogers\michael-rogers-1,G,2011-01-21,Valparaiso,,Milwaukee,W,0,23,7,10,.700,7,10,.700,0,0,,0,0,,3,3,6,2,1,0,3,4,14,10.6
121029,Tom Fow\tom-fow-1,F,2011-01-22,Air Force,,Wyoming,W,1,24,5,8,.625,2,4,.500,3,4,.750,1,2,.500,0,5,5,1,2,0,0,2,14,13.4
121030,Scott Thomas\scott-thomas-1,F,2011-01-22,Bowling Green State,@,Akron,L,1,38,6,14,.429,4,7,.571,2,7,.286,0,0,,1,5,6,4,2,0,3,1,14,10.2
121031,Blake Sanford\blake-sanford-1,G,2011-01-22,Southern,@,Alabama State,W,0,24,5,7,.714,1,3,.333,4,4,1.000,0,2,.000,0,1,1,0,0,1,2,1,14,8.9
121032,Jameel Grace\jameel-grace-1,G,2011-01-22,Southern,@,Alabama State,W,1,34,6,10,.600,4,6,.667,2,4,.500,0,0,,1,4,5,4,1,0,2,2,14,12.3
121033,Darrell Williams\darrell-williams-1,F,2011-01-22,Oklahoma State,@,Baylor,L,1,24,6,8,.750,6,8,.750,0,0,,2,2,1.000,1,5,6,0,0,1,3,4,14,9.1
121034,Quincy Acy\quincy-acy-1,F,2011-01-22,Baylor,,Oklahoma State,W,0,29,6,11,.545,6,11,.545,0,0,,2,4,.500,2,7,9,0,0,3,1,3,14,11.3
121035,Mike Meyers Keitt\mike-meyers-keitt-1,F,2011-01-22,Monmouth,@,Bryant,W,1,41,4,5,.800,2,2,1.000,2,3,.667,4,6,.667,1,3,4,2,0,0,1,4,14,11.7
121036,Devon Peltier\devon-peltier-1,G,2011-01-22,Cal State Fullerton,,UC-Santa Barbara,W,1,28,4,13,.308,2,6,.333,2,7,.286,4,4,1.000,0,1,1,0,1,0,3,0,14,4.8
121037,Josh Greene\josh-greene-1,G,2011-01-22,Cal State Northridge,,Cal Poly,W,0,26,2,4,.500,1,1,1.000,1,3,.333,9,9,1.000,1,1,2,1,0,1,3,3,14,10.2
121038,Joe Harden\joe-harden-1,G,2011-01-22,UC-Davis,,Pacific,L,1,29,5,16,.313,5,15,.333,0,1,.000,4,6,.667,2,2,4,2,2,2,0,2,14,10.0
121039,Briahn Smith\briahn-smith-1,G,2011-01-22,Fairleigh Dickinson,@,Central Connecticut State,L,1,41,5,17,.294,3,8,.375,2,9,.222,2,4,.500,2,6,8,0,2,1,1,3,14,7.0
121040,Chris Flores\chris-flores-1,G,2011-01-22,NJIT,@,Chicago State,W,1,27,5,11,.455,3,5,.600,2,6,.333,2,2,1.000,1,5,6,6,1,1,2,4,14,12.8
121041,Norris Cole\norris-cole-1,G,2011-01-22,Cleveland State,,Wright State,W,1,31,4,9,.444,4,6,.667,0,3,.000,6,6,1.000,1,9,10,6,1,0,4,2,14,13.1
121042,Vaughn Duggins\vaughn-duggins-1,G,2011-01-22,Wright State,@,Cleveland State,L,1,35,3,9,.333,2,6,.333,1,3,.333,7,8,.875,0,1,1,1,3,0,2,1,14,10.1
121043,Antwaine Wiggins\antwaine-wiggins-1,F,2011-01-22,College of Charleston,,Appalachian State,W,1,26,5,8,.625,3,3,1.000,2,5,.400,2,2,1.000,1,6,7,0,0,1,0,2,14,12.8
121044,Justin Black\justin-black-1,G,2011-01-22,Morgan State,@,Delaware State,L,0,30,6,9,.667,5,7,.714,1,2,.500,1,2,.500,0,0,0,1,0,0,5,5,14,3.4
121045,Bill Clark\bill-clark-1,G,2011-01-22,Duquesne,,Charlotte,W,1,21,6,12,.500,6,8,.750,0,4,.000,2,4,.500,1,2,3,2,1,0,1,4,14,8.3
121046,Ben Drayton\ben-drayton-1,G,2011-01-22,Georgia Southern,@,Elon,L,1,38,6,14,.429,5,11,.455,1,3,.333,1,3,.333,0,3,3,6,0,1,2,3,14,8.4
121047,Alex Tucker\alex-tucker-1,G,2011-01-22,Florida Atlantic,,Arkansas-Little Rock,W,0,22,4,6,.667,3,5,.600,1,1,1.000,5,6,.833,1,3,4,6,1,0,1,4,14,15.2
121048,Jonathan Moore\jonathan-moore-1,G,2011-01-22,Gardner-Webb,,Coastal Carolina,L,1,31,4,11,.364,2,4,.500,2,7,.286,4,4,1.000,1,1,2,0,2,0,2,3,14,7.7
121049,Joston Thomas\joston-thomas-1,F,2011-01-22,Hawaii,,San Jose State,W,1,28,6,11,.545,6,11,.545,0,0,,2,2,1.000,3,11,14,3,0,1,2,4,14,13.3
121050,Andrew Keister\andrew-keister-1,C,2011-01-22,Holy Cross,,American,L,1,29,5,9,.556,5,8,.625,0,1,.000,4,7,.571,1,7,8,1,0,0,0,0,14,12.0
121051,Devin Brown\devin-brown-2,G,2011-01-22,Holy Cross,,American,L,1,34,6,10,.600,4,6,.667,2,4,.500,0,0,,0,3,3,1,0,0,2,1,14,8.6
121052,Vlad Moldoveanu\vlad-moldoveanu-1,F,2011-01-22,American,@,Holy Cross,W,1,34,6,22,.273,4,12,.333,2,10,.200,0,0,,0,2,2,0,0,1,0,0,14,2.3
121053,Ryan Pearson\ryan-pearson-1,F,2011-01-22,George Mason,@,James Madison,W,1,32,4,10,.400,3,8,.375,1,2,.500,5,6,.833,0,6,6,0,2,1,2,3,14,9.5
121054,Gabe Knutson\gabe-knutson-1,F,2011-01-22,Lehigh,@,Lafayette,W,1,29,6,10,.600,6,10,.600,0,0,,2,4,.500,2,2,4,0,1,0,2,3,14,8.4
121055,Holden Greiner\holden-greiner-1,F,2011-01-22,Lehigh,@,Lafayette,W,1,35,5,11,.455,5,9,.556,0,2,.000,4,4,1.000,5,3,8,1,2,2,0,1,14,16.4
121056,Jared Mintz\jared-mintz-1,F,2011-01-22,Lafayette,,Lehigh,L,1,32,5,11,.455,5,11,.455,0,0,,4,5,.800,6,4,10,3,0,1,3,3,14,11.9
121057,Matt Derenbecker\matt-derenbecker-1,G,2011-01-22,Louisiana State,,Mississippi,L,1,37,4,11,.364,2,5,.400,2,6,.333,4,4,1.000,1,4,5,1,4,0,1,3,14,12.3
121058,Nick Williams\nick-williams-2,G,2011-01-22,Mississippi,@,Louisiana State,W,1,32,5,6,.833,5,6,.833,0,0,,4,5,.800,2,2,4,4,2,0,2,2,14,15.4
121059,Devin Price\devin-price-1,G,2011-01-22,Marist,,Loyola (MD),L,1,36,4,10,.400,3,7,.429,1,3,.333,5,7,.714,1,3,4,9,0,0,0,5,14,13.7
121060,Justin Drummond\justin-drummond-2,G,2011-01-22,Loyola (MD),@,Marist,W,0,17,5,11,.455,3,6,.500,2,5,.400,2,6,.333,2,0,2,0,0,1,1,2,14,7.0
121061,Andre Young\andre-young-1,G,2011-01-22,Clemson,@,Maryland,L,1,34,5,14,.357,1,3,.333,4,11,.364,0,0,,2,0,2,9,1,0,1,4,14,12.3
121062,Brandon Moore\brandon-moore-4,F,2011-01-22,Mercer,,North Florida,L,1,13,6,13,.462,6,11,.545,0,2,.000,2,4,.500,2,3,5,0,0,0,3,4,14,4.2
121063,Chris Smith\chris-smith-5,G,2011-01-22,Mercer,,North Florida,L,0,21,3,6,.500,0,1,.000,3,5,.600,5,7,.714,0,2,2,1,0,0,3,0,14,8.5
121064,Terrence Joyner\terrence-joyner-1,G,2011-01-22,Mississippi Valley State,,Prairie View,W,0,22,4,12,.333,2,6,.333,2,6,.333,4,5,.800,2,4,6,2,1,0,2,4,14,8.2
121065,Trant Simpson\trant-simpson-2,G,2011-01-22,Prairie View,@,Mississippi Valley State,L,1,33,4,13,.308,3,8,.375,1,5,.200,5,7,.714,0,1,1,3,0,0,2,3,14,4.9
121066,Jermaine Mallett\jermaine-mallett-1,G,2011-01-22,Missouri State,,Creighton,W,1,36,5,14,.357,5,12,.417,0,2,.000,4,4,1.000,4,2,6,0,4,1,2,0,14,12.3
121067,Joshua Jones\joshua-jones-1,G,2011-01-22,Eastern Kentucky,@,Morehead State,W,1,33,4,11,.364,0,4,.000,4,7,.571,2,3,.667,0,2,2,2,1,1,2,3,14,8.0
121068,Ivan Aska\ivan-aska-1,F,2011-01-22,Murray State,,Southeast Missouri State,W,0,17,5,6,.833,5,6,.833,0,0,,4,5,.800,0,7,7,1,1,0,2,2,14,12.4
121069,DeAndre Brown\deandre-brown-1,G,2011-01-22,Louisiana Tech,@,Nevada,L,1,34,5,18,.278,3,9,.333,2,9,.222,2,2,1.000,1,2,3,1,0,0,2,3,14,2.2
121070,Rob Hampton\rob-hampton-1,G,2011-01-22,Norfolk State,,North Carolina Central,W,1,32,3,6,.500,3,5,.600,0,1,.000,8,13,.615,1,1,2,1,2,0,0,2,14,11.9
121071,Matt Dickey\matt-dickey-1,G,2011-01-22,North Carolina-Asheville,,Charleston Southern,W,1,37,4,10,.400,2,5,.400,2,5,.400,4,5,.800,0,2,2,3,0,0,2,3,14,7.7
121072,Braxton Dupree\braxton-dupree-1,C,2011-01-22,Towson,@,North Carolina-Wilmington,L,1,32,6,11,.545,6,11,.545,0,0,,2,4,.500,2,3,5,2,1,1,2,3,14,10.1
121073,Josh Brown\josh-brown-1,G,2011-01-22,Towson,@,North Carolina-Wilmington,L,1,34,5,12,.417,4,7,.571,1,5,.200,3,4,.750,0,1,1,0,1,0,0,2,14,7.7
121074,George Odufuwa\george-odufuwa-1,F,2011-01-22,North Texas,,Arkansas State,W,1,30,5,9,.556,5,9,.556,0,0,,4,5,.800,1,15,16,2,1,2,5,2,14,12.5
121075,Chip Rank\chip-rank-1,F,2011-01-22,Northern Iowa,,Drake,W,0,22,5,7,.714,1,2,.500,4,5,.800,0,0,,0,3,3,0,1,0,1,4,14,10.4
121076,Johnny Moran\johnny-moran-1,G,2011-01-22,Northern Iowa,,Drake,W,1,29,5,8,.625,1,1,1.000,4,7,.571,0,0,,1,1,2,1,0,0,0,1,14,11.7
121077,Devon Baker\devon-baker-1,G,2011-01-22,Northwestern State,,McNeese State,W,1,27,4,7,.571,3,5,.600,1,2,.500,5,6,.833,0,3,3,3,0,0,6,4,14,5.7
121078,DeVaughn Washington\devaughn-washington-1,F,2011-01-22,Ohio,,Buffalo,L,1,23,4,6,.667,4,6,.667,0,0,,6,10,.600,1,2,3,0,2,0,0,4,14,11.5
121079,Nick Kellogg\nick-kellogg-1,G,2011-01-22,Ohio,,Buffalo,L,1,29,5,8,.625,1,3,.333,4,5,.800,0,0,,0,0,0,1,1,0,1,4,14,9.5
121080,Jamie Skeen\jamie-skeen-1,F,2011-01-22,Virginia Commonwealth,@,Old Dominion,W,1,29,5,8,.625,3,5,.600,2,3,.667,2,2,1.000,2,8,10,5,1,0,1,2,14,16.9
121081,Walt Allen\walt-allen-1,F,2011-01-22,Presbyterian,,Radford,W,0,23,5,6,.833,1,1,1.000,4,5,.800,0,0,,1,1,2,2,0,0,0,3,14,13.0
121082,Earl Pettis\earl-pettis-1,G,2011-01-22,La Salle,@,Rhode Island,W,1,27,5,12,.417,1,5,.200,4,7,.571,0,0,,1,3,4,3,1,0,5,1,14,6.9
121083,Nikola Malesevic\nikola-malesevic-1,F,2011-01-22,Rhode Island,,La Salle,L,1,31,5,15,.333,1,5,.200,4,10,.400,0,0,,2,4,6,1,2,2,1,2,14,10.4
121084,Stefan Perunicic\stefan-perunicic-1,G,2011-01-22,St. Francis (NY),@,Robert Morris,L,1,32,4,6,.667,0,0,,4,6,.667,2,2,1.000,1,3,4,0,0,0,0,3,14,11.8
121085,Laron Griffin\laron-griffin-1,F,2011-01-22,Eastern Washington,@,Sacramento State,L,1,25,6,10,.600,6,10,.600,0,0,,2,3,.667,5,5,10,0,0,1,0,3,14,13.5
121086,Tremayne Johnson\tremayne-johnson-1,F,2011-01-22,Eastern Washington,@,Sacramento State,L,0,31,6,10,.600,5,7,.714,1,3,.333,1,2,.500,1,3,4,1,1,0,0,1,14,11.9
121087,Anthony Ervin\anthony-ervin-1,G,2011-01-22,Saint Francis (PA),,Long Island University,W,0,33,4,13,.308,2,7,.286,2,6,.333,4,4,1.000,2,6,8,3,2,1,0,1,14,14.1
121088,Ronald Roberts\ronald-roberts--1,F,2011-01-22,Saint Joseph's,,Pennsylvania,L,1,32,7,12,.583,7,12,.583,0,0,,0,1,.000,3,5,8,1,2,1,1,2,14,13.2
121089,Robert Sacre\robert-sacre-1,C,2011-01-22,Gonzaga,@,San Francisco,L,1,31,7,11,.636,7,11,.636,0,0,,0,0,,6,3,9,4,1,3,1,4,14,17.5
121090,Marc Trasolini\marc-trasolini-1,F,2011-01-22,Santa Clara,,Portland,W,1,31,4,8,.500,4,6,.667,0,2,.000,6,8,.750,2,5,7,1,2,1,2,4,14,11.9
121091,Jonathan Mitchell\jonathan-mitchell-1,F,2011-01-22,Rutgers,@,Seton Hall,W,1,31,5,8,.625,4,6,.667,1,2,.500,3,6,.500,2,7,9,1,1,1,3,0,14,12.1
121092,Tim Williams\tim-williams-1,G,2011-01-22,South Alabama,,Florida International,W,1,33,5,10,.500,5,9,.556,0,1,.000,4,6,.667,0,7,7,5,1,0,5,3,14,8.6
121093,Terrence Jones\terrence-jones-1,F,2011-01-22,Kentucky,@,South Carolina,W,1,37,5,13,.385,5,12,.417,0,1,.000,4,6,.667,1,6,7,1,3,2,2,2,14,10.9
121094,Frank Gaines\frank-gaines-1,G,2011-01-22,IPFW,@,South Dakota State,L,1,37,6,11,.545,5,7,.714,1,4,.250,1,1,1.000,0,3,3,0,0,2,1,4,14,8.4
121095,Stephen Thomas\stephen-thomas-2,G,2011-01-22,IUPUI,@,Southern Utah,W,1,29,5,10,.500,4,7,.571,1,3,.333,3,3,1.000,2,3,5,5,0,0,2,0,14,12.8
121096,Bo Ingram\bo-ingram-1,F,2011-01-22,Texas-Arlington,@,Stephen F. Austin,W,1,31,4,8,.500,3,5,.600,1,3,.333,5,6,.833,0,4,4,1,2,0,2,2,14,10.7
121097,Brandon Triche\brandon-triche-1,G,2011-01-22,Syracuse,,Villanova,L,1,33,5,12,.417,1,4,.250,4,8,.500,0,0,,2,1,3,4,1,0,1,3,14,10.9
121098,Josh Watkins\josh-watkins-1,G,2011-01-22,Utah,@,Texas Christian,W,1,32,5,11,.455,5,9,.556,0,2,.000,4,7,.571,0,4,4,3,0,0,3,3,14,6.2
121099,Nikola Cerina\nikola-cerina-1,F,2011-01-22,Texas Christian,,Utah,L,1,27,6,12,.500,6,12,.500,0,0,,2,6,.333,1,3,4,0,3,3,1,4,14,10.5
121100,Mike Singletary\mike-singletary-1,F,2011-01-22,Texas Tech,,Nebraska,W,1,39,5,13,.385,5,13,.385,0,0,,4,7,.571,4,3,7,4,1,1,3,3,14,9.7


Provided by <a href="http://www.sports-reference.com/sharing.html?utm_source=direct&utm_medium=Share&utm_campaign=ShareTool">CBB at Sports Reference</a>: <a href="http://www.sports-reference.com/cbb/play-index/pgl_finder.cgi?request=1&match=game&year_min=2011&year_max=2017&school_id=&opp_id=&person_id=&is_range=N&game_type=A&game_month=&game_location=&game_result=&game_num_min=&game_num_max=&is_starter=&pos_is_g=Y&pos_is_gf=Y&pos_is_f=Y&pos_is_fg=Y&pos_is_fc=Y&pos_is_c=Y&pos_is_cf=Y&c1stat=&c1comp=&c1val=&c2stat=&c2comp=&c2val=&c3stat=&c3comp=&c3val=&c4stat=&c4comp=&c4val=&is_dbl_dbl=&is_trp_dbl=&order_by=pts&order_by_asc=&offset=121000&utm_source=direct&utm_medium=Share&utm_campaign=ShareTool#stats">View Original Table</a><br>Generated 3/14/2017.
